{"cameraMode":{"drawMode":0,"name":"Shaded","section":"Shading Mode"},"sceneLighting":true,"audioPlay":false,"sceneViewState":{"m_AlwaysRefresh":false,"showFog":true,"showSkybox":true,"showFlares":true,"showImageEffects":true,"showParticleSystems":true,"showVisualEffectGraphs":true,"m_FxEnabled":true},"in2DMode":false,"pivot":{"x":-1.8925623893737794,"y":22.2592716217041,"z":7.864889144897461},"rotation":{"x":0.0010623048292472959,"y":0.8078441023826599,"z":-0.5893943309783936,"w":0.0014543908182531596},"size":0.6069905757904053,"orthographic":false}